/f/oneplus-nord-2-5g.12375/	topic
/c/advent.12010/	topic
/f/samsung-galaxy-s22-plus.12513/	topic
/tag/nubia/	junk
/f/general-questions-and-answers.456/	topic
/f/google-pixel-7.12607/	topic
/link-forums/view-all-manufacturers.12043/	junk
/c/leeco.12019/	topic
/c/reliance.12367/	topic
/c/lg.12042/	topic
/c/doogee.12007/	topic
/tag/google/	junk
/f/12511/	topic
/whats-new/posts/?skip=1	junk
/register/	junk
/all-forums-by-manufacturer	junk
/f/12313/	topic
/c/maze.12031/	topic
/contact/	junk
/f/12375/	topic
/c/hisense.11997/	topic
/c/toshiba.11994/	topic
/f/12311/	topic
/m/kkjb.8251255/	topic
/c/fairphone.12401/	topic
/c/samsung.11975/	topic
/c/amazon.11998/	topic
/c/4276/	topic
/help/	junk
/tag/oneplus/	junk
/tag/vivo/	junk
/f/android-automotive-os.12301/	topic
/c/umi.12037/	topic
/misc/contact	junk
/c/f-x-tec.12101/	topic
/f/google-pixel-7-pro.12609/	topic
/f/windows-10-mobile.4421/	topic
/whats-new/profile-posts/	junk
/c/honor.12016/	topic
/f/12517/	topic
/c/red.12035/	topic
/f/samsung-galaxy-a12.12125/	topic
/tag/lg/	junk
/tag/huawei/	junk
/f/samsung-galaxy-m12.12181/	topic
/c/gaming.12271/	topic
/search/?type=profile_post	junk
/c/google.11976/	topic
/c/epson.12014/	topic
/c/tcl.12099/	topic
/root/	junk
/f/samsung-galaxy-s21-ultra.12091/	topic
/login/	junk
/whats-new/posts/	junk
/c/viewsonic.11983/	topic
/tag/razer/	junk
/c/general-discussion.240/	topic
/f/samsung-galaxy-a52-4g.12131/	topic
/m/mranderonz81.3764369/	topic
/c/hp.12041/	topic
/tag/lenovo/	junk
/tag/oppo/	junk
/c/smartisan.11987/	topic
/f/12153/	topic
/advertise-with-xda/	junk
/tag/samsung/	junk
/c/legacy-low-activity-devices.686/	topic
/c/3833/	topic
/c/spice.12015/	topic
/f/windows-11.12517/	topic
/f/android-general.1424/	topic
/f/samsung-galaxy-s22.12511/	topic
/c/meizu.12013/	topic
/f/12495/	topic
/xda-disclosure-policy/	junk
/t/guide-rmx3381-unlock-bootloader-root-realme-8s-5g-unofficial.4374521/post-87737845	thread
/f/12161/	topic
/f/google-pixel-6a.12605/	topic
/c/sharp.12297/	topic
/c/motorola.11990/	topic
/c/htc.12038/	topic
/f/12609/	topic
/c/other-special-boards.2150/	topic
/m/jocala.2718012/	topic
/c/sony.12026/	topic
/#top	junk
/c/nubia.12011/	topic
/c/razer.12017/	topic
/c/pc-peripherals.12253/	topic
/tag/realme-mobile/	junk
/c/2983/	topic
/f/google-pixel-6-pro.12313/	topic
/f/565/	topic
/f/general-topics.256/	topic
/t/dasaita-latest-mcu-and-updates-for-rockchip-cpu-platform-stereos.3575155/post-87737849	thread
/tag/nokia/	junk
/c/microsoft.11982/	topic
/c/google-pixel-5.11335/	topic
/invite/e4v8qtkcBw	junk
/c/gionee.12000/	topic
/c/micromax.11989/	topic
/f/12499/	topic
/c/oneplus.11993/	topic
/user/xdadevelopers?sub_confirmation=1	junk
/f/12607/	topic
/f/samsung-galaxy-z-fold3.12349/	topic
/f/530/	topic
/c/asus.12032/	topic
/xdasocial/	junk
/c/12289/	topic
/f/samsung-galaxy-z-flip-3.12351/	topic
/tag/asus/	junk
/c/xolo.12028/	topic
/t/rom-13-venus-official-evolution-x-11-14-22.4490535/post-87737843	thread
/c/huawei.11977/	topic
/best-phones/	junk
/c/apple.12303/	topic
/c/barnes-noble.12033/	topic
/forms/d/e/1FAIpQLSdEwxhZ4uYkGXjnduf--jjTaTrdheSFEW8Wb9-wp8_DYnMXkg/viewform	junk
/c/yu.12039/	topic
/tag/xiaomi/	junk
/f/about-xda-developers-com.263/	topic
/c/build-a-pc.12247/	topic
/how-to-install-twrp/	junk
/search/	junk
/chrome/	junk
/c/oppo-find-x5-pro.12525/	topic
/c/blackview.11988/	topic
/tag/zte/	junk
/tag/htc/	junk
/search/?type=post	junk
/f/introductions.12157/	topic
/c/cricket.12619/	topic
/	junk
/c/lenovo.12002/	topic
/c/nokia.12020/	topic
/c/realme.12009/	topic
/c/wileyfox.11986/	topic
/t/rom-unofficial-cheetah-panther-lineageos-20-0-for-the-pixel-7-pro-7.4519649/post-87737847	thread
/?utm_source=forum.xda-developers.com	junk
/f/oneplus-9-pro.12153/	topic
/xda.developers	junk
/c/vivo.12029/	topic
/whats-new/latest-activity	junk
/recognized-developer-program/	junk
/m/jason-lol.12030505/	junk
/help/privacy-policy/	junk
/f/vivo-x80.12601/	topic
/c/bq.12040/	topic
/c/nvidia.12004/	topic
/online/	junk
/f/oneplus-9.12151/	topic
/f/12351/	topic
/c/hardware-tech-talk.12261/	topic
/f/mtcd-android-head-units-general.7378/	topic
/m/	junk
/tag/honor/	junk
/c/essential.11984/	topic
/c/elephone.11985/	topic
/f/google-pixel-6.12311/	topic
/c/dell.12023/	topic
/t/adblink2-v5-1.4356329/post-87737851	thread
/tag/sony/	junk
/c/lava.12021/	topic
/c/osom.12559/	topic
/c/alcatel.11996/	topic
/c/oppo.12024/	topic
/f/xiaomi-poco-f3-xiaomi-mi-11x-redmi-k40.12161/	topic
/f/oneplus-9r.12183/	topic
/f/microsoft-surface-hub.3920/	topic
/whats-new/	junk
/f/microsoft-hololens.3921/	topic
/c/nothing.12583/	topic
/c/karbonn.12001/	topic
/c/coolpad.11995/	topic
/t/xda-developers-forum-rules.4200559/	thread
/f/oneplus-10-pro.12503/	topic
/f/google-pixel-5a.12359/	topic
/f/12489/	topic
/f/12497/	topic
/f/oneplus-nord-ce-5g.12343/	topic
/tag/motorola/	junk
/category/tutorials/	junk
/how-to-install-custom-rom-android/	junk
/c/blu.12036/	topic
/c/lava-iris.11980/	topic
/f/-/index.rss	junk
/c/xiaomi.12005/	topic
/	junk
/c/wiko.12027/	topic
/f/samsung-galaxy-s22-ultra.12515/	topic
/tag/nothing/	junk
/c/archos.11999/	topic
/c/innjoo.12006/	topic
/c/zte.12034/	topic
/c/blackberry.11981/	topic
/misc/style	junk
/xdadevelopershub	junk
/c/2102/	topic
/t/tutorial-with-screenshots-how-to-use-new-questions-and-answers-threads.4248145/	thread
/c/yota.12030/	topic
/f/off-topic.261/	thread
/xdadevelopers	junk
/f/samsung-galaxy-a52-5g.12133/	topic
/f/xiaomi-mi-11.12057/	topic
/m/bgf12.12318463/	topic
/tag/tutorial/	junk
/suggest-content/	junk
/c/gemini.12008/	topic
/c/general-development.11974/	topic
/c/xda-computing.12289/	topic
/f/527/	topic
/forum/topic/5310415	topic
/forum/1414	thread
/forum/topic/5310447	topic
/forum/1493	thread
/forum/1352	thread
/forum/1403	thread
/forum/1231	thread
/forum#latesttopics	topic
/forum/1361	thread
/fanfiction	junk
/forum/topic/5310368	topic
/video	junk
/forum/798	thread
/forum/1415	thread
/forum/1495	thread
/Account/Register?returnurl=/forum	topic
/person/ananya-panday_13207	junk
/digital/hindi/	junk
/forum/1333	thread
/c/IndiaForums	junk
/forum/1464	thread
/channel/voot_122	junk
/forum/1299	thread
/forum/1529	thread
/forum/topic/5310421	topic
/forum/71	thread
/show	junk
/forum/227	thread
/forum/1141	thread
/tv/english/	junk
/forum/1480	thread
/channel/zee5-originals_125	junk
/movies/	junk
/forum/1507	thread
/movies/hindi/	junk
/forum/topic/5310413	topic
/forum/1409	thread
/forum/230	thread
/forum/topic/5310433	topic
/forum/1392	thread
/channel/netflix_123	junk
/forum/1341	thread
/indiaforums/	junk
/forum/1365	thread
/forum/1366	thread
/forum/topic/5310430	topic
/movie?mode=upcoming	junk
/indiaforums	junk
/forum/1487	thread
/forum/231	thread
/forum/1197	thread
/forum/28	thread
/forum/551	thread
/forum/topic/5310392	topic
/pages/advertise	junk
/play/quiz	junk
/forum/1301	thread
/forum/220	thread
/forum/topic/5310388	topic
/forum/877	thread
/channel/hotstar_126	junk
/forum/private?mode=j	thread
/forum/1405	thread
/forum/topic/5310452	topic
/forum/create	thread
/forum/1437	thread
/forum/1479	thread
/forum/1527	thread
/forum/1357	thread
/forum/1513	thread
/forum/174	thread
/forum/102	thread
/forum/446	thread
/forum/211	thread
/digital/	junk
/forum/1509	thread
/forum/topic/5310406	topic
/forum/1516	thread
/forum/private?mode=p	thread
/forum/1404	thread
/channel/amazon-prime-video_124	junk
/forum/224	thread
/helpcenter	junk
/forum/103	thread
/forum/topic/5310398	topic
/pages/about-us	junk
/forum/1355	thread
/forum/27	thread
/forum/582	thread
/forum/topic/5310362	topic
/forum/1181	thread
/forum/94	thread
/forum/1410	thread
/forum/1497	thread
/forum/58	thread
/forum/1395	thread
/forum/221	thread
/forum/topic/5310407	topic
/channel/zee-tv_4	junk
/forum/1494	thread
/tv/	junk
/pages/privacy-policy	junk
/show/bigg-boss-16_6866	junk
/forum/1316	thread
/forum#popular-topics	topic
/forum/topic/5310405	topic
/forum/1515	thread
/forum/10	thread
/forum/topic/5310424	topic
/forum/233	thread
/forum/populartopics?pn=2	thread
/forum/topic/5310399	topic
/forum/1506	thread
/channel/sab-tv_25	junk
/forum/279	thread
/channel/star-plus_1	junk
/forum/1417	thread
/channel/sony-sab_25	junk
/person/list?cid=5	junk
/tv/hindi/	junk
/forum/79	thread
/channel/colors_70	junk
/forum/1519	thread
/forum/222	thread
/indiaforums/	junk
/forum	topic
/channel/star-bharat_118	junk
/indiaforums/	junk
/forum/267	thread
/forum#announcements	topic
/pages/contact-us	junk
/digital/english/	junk
/forum/1330	thread
/forum/1371	thread
/movies/english/	junk
/forum/1413	thread
/	junk
/forum/1384	thread
/show/yeh-rishta-kya-kehlata-hai_5755	junk
/forum/private?mode=t	thread
/show/ghum-hai-kisikey-pyaar-meiin_6570	junk
/forum/225	thread
/indiaforums	junk
/forum/topic/5310404	topic
/gallery	junk
/forum/149	thread
/forum/private	thread
/forum/1526	thread
/forum/private?mode=n	thread
/forum/1499	thread
/channel/alt-balaji_121	junk
/forum/9	thread
/pages/terms-of-use	junk
/show/anupamaa_6513	junk
/forum/topic/5310380	topic
/forum/1530	thread
/person/list?cid=7	junk
/forum/38	thread
/forum/418	thread
/login?returnurl=/forum	thread
/movie?mode=latest	junk
/channel/sony-tv_2	junk
/person	junk
/forum/topic/5310390	topic
/en/wow/t/weekly-reset-time-changing-to-0500-cet-on-16-november/398498	thread
/en/wow/t/more-visage-forms-please/402503	thread
/en/wow/t/i-like-evokerbut-i-wish-these-things/402582	thread
/en/wow/u/Halian-bloodhoof	junk
/en/wow/u/Soulscar-steamwheedle-cartel	junk
/en/wow/t/the-ultimate-forum-guide-codes-trust-levels-faq/6159	thread
/en/wow/t/okso-i-hate-drakthyr-flying/402434	thread
/en/wow/	junk
/en/wow/u/Twiggz-bloodhoof	junk
/en/wow/t/minimap-tracking-range-too-small/402592	thread
/en/wow/u/Roarden-doomhammer	junk
/en/wow/u/Volkomor-aggra-português	junk
/en/wow/u/Nouruthion-argent-dawn	junk
/en/wow/u/Tèsla-silvermoon	junk
/en/wow/t/welcome-please-read/1647	thread
/en/wow/u/Aedzy-draenor	junk
/en/wow/u/Goatymcboat-pyrewood-village	junk
/en/wow/t/lfr-group-loot-sucks-no-chance-to-win-anything/398547	thread
/en/wow/u/Synergíe-mirage-raceway	junk
/en/wow/u/Jadzía-cthun	junk
/en/wow/u/Dümbledore-aggra-português	junk
/en/wow/t/bring-back-the-long-boi/401346	thread
/en/wow/u/Lý-emerald-dream	junk
/en/wow/u/Breghan-argent-dawn	junk
/en/wow/u/Asdweqsd-mograine	junk
/en/wow/u/Poisonenvy-lightbringer	junk
/en/wow/u/Starla-aerie-peak	junk
/en/wow/u/Banshemoon-argent-dawn	junk
/en/wow/u/Sausageroo-twisting-nether	junk
/en/wow/u/Zathina-stormscale	junk
/en/wow/u/Ãnna-silvermoon	junk
/en/wow/u/Блаксол-azuregos	junk
/en/wow/u/Mana-kazzak	junk
/en/wow/u/Niljo-the-shatar	junk
/en/wow/u/Xùnsù-draenor	junk
/en/wow/u/Turnon-burning-legion	junk
/en/wow/u/Zoknikqtx-argent-dawn	junk
/en/wow/u/Cowmageddon-pyrewood-village	junk
/en/wow/t/evoker-getting-free-sha-of-anger-and-nalak-mount/402269	thread
/en/wow/u/Linxy	junk
/en/wow/u/Sendrax-argent-dawn	junk
/en/wow/t/wow-hotfixes-updated-16-november/402598	thread
/en/wow/u/Pachimari-argent-dawn	junk
/en/wow/u/Billyblue-magtheridon	junk
/en/wow/u/Punyelf-draenor	junk
/en/wow/u/Kiyouraah-twisting-nether	junk
	junk
/en/wow/u/Evokus-ravencrest	junk
/en/wow/u/Whelma-argent-dawn	junk
/en/wow/u/Supreme-sylvanas	junk
/en/wow/u/Mílkmé-argent-dawn	junk
/en/wow/categories	topic
/en/wow/c/community/general/235	thread
/en/wow/u/Sanq	junk
/en/wow/t/updated-nov-15-dragonflight-pre-expansion-phase-2-update-notes%E2%80%94now-live/401128	thread
/en/wow/u/Vybes-ravencrest	junk
/en/wow/u/Grimmj-nagrand	junk
/en/wow/u/Alleríana-draenor	junk
/en/wow/u/Kraktor-rexxar	junk
/en/wow/u/Tinýx-silvermoon	junk
/en/wow/u/Moistmeatbal-frostmane	junk
/en/wow/u/Retributor-draenor	junk
/en/wow/t/suggestion-remove-realms/402468	thread
/en/wow/u/Amigaforever-doomhammer	junk
/en/wow/u/Mardwen-kilrogg	junk
/en/wow/t/new-services-advertisement-policy/375962	thread
/en/wow/t/primal-invasion-query-and-possible-bugerror/402591	thread
/en/wow/u/system	junk
/en/wow/privacy	junk
/en/wow/u/Charctic-silvermoon	junk
/en/wow/u/Darkstring-argent-dawn	junk
/en/wow/u/Redapple-mograine	junk
/en/wow/t/boe-items-fix-incoming/402566	thread
/en/wow/u/Kaivax	junk
/en/wow/u/Laithelmus-argent-dawn	junk
/en/wow/u/Aerythlea-2611	thread
/en/wow/guidelines	junk
/en/wow/tos	junk
/en/wow/t/the-new-time-limited-event-is-overwhelming/402353	thread
/en/wow/t/this-game-is-a-2nd-job/402522	thread
/en/wow/u/Grondash-draenor	junk
/en/wow/t/post-if-you-want-to-make-some-in-game-friends-pt3/8983	thread
/en/wow/t/shadowlands-great-vault-ending-soon/400586	thread
/en/wow/u/Elf-mograine	junk
/en/wow/u/Dunkiee-arathor	junk
/en/wow/u/Alagondar-bloodhoof	junk
/en/wow/u/Evángelina-bladefist	junk
/en/wow/u/Nvme-draenor	junk
/en/wow/u/Dalapie-twisting-nether	junk
/en/wow/u/Onimaru-tarren-mill	junk
/en/wow/u/Trelw-alleria	junk
/en/wow/u/Вяче-deathguard	junk
/en/wow/t/beltshoulder-mog-visible-in-dragonform/402556	thread
/en/wow/u/Skrutt-argent-dawn	junk
/en/wow/t/why-just-not-make-everyone-lvl-60/402586	thread
/en/wow/u/Gram-ghostlands	junk
/en/wow/u/Goldenweed-doomhammer	junk
/en/wow/u/Kharius-tarren-mill	junk
/en/wow/u/Animeweeb-argent-dawn	junk
/en/wow/u/Nimrhys-steamwheedle-cartel	junk
/en/wow/u/Wizen-everlook	junk
/en/wow/u/Fattybear-daggerspine	junk
/en/wow/u/Thellanah-aggramar	junk
/en/wow/u/Amonet-ravencrest	junk
/en/wow/t/evokers-are-castrated/402357	thread
/en/wow/c/community/general/235?page=1	thread
/en/wow/u/Py-blackhand	junk
/en/wow/t/policy-update-for-organized-in-game-services-january-2022/338232	thread
/en/wow/u/Lilian-moonglade	junk
/en/wow/u/Ishayo-tarren-mill	junk
/en/wow/t/1-hour-wait-time-for-an-uldaman-dungeon/402339	thread
/en/wow/t/mage-tower-extended-maintenance/395389	thread
/en/wow/u/Tah-earthen-ring	junk
/en/wow/u/Yinghei-argent-dawn	junk
/en/wow/u/Razgard-draenor	junk
/en/wow/u/BlizzardEntertainment	junk
/en/wow/u/Fatboyqt-ravencrest	junk
/en/wow/u/Nisamxes-outland	junk
/en/wow/t/link-to-the-wow-community-council-discussion-forum/331775	thread
/en/wow/t/mighty-caravan-brutosaur-unobtainable-despite-blizzards-claims/398842	thread
/en/wow/c/community/6	thread
/en/wow/u/Marmar-hellscream	junk
/en/wow/t/already-hate-the-new-ui/396412	thread
/en/wow/u/Ponkoo-argent-dawn	junk
/en/wow/t/opinion-on-d-evokers/402587	thread
/en/wow/u/Skadefryden-turalyon	junk
/en/wow/u/Quhl-draenor	junk
/en/wow/u/Tindomiriel-azjolnerub	junk
/en/wow/c/skullflame/273	thread
/en/wow/c/earthshaker/277	thread
/en/wow/c/classes/30	thread
/en/wow/c/defias-brotherhood-ravenholdt-et-al/181	thread
/en/wow/c/support/10	thread
/en/wow/c/outland/217	thread
/en/wow/c/the-maelstrom-deathwing-karazhan-lightnings/224	thread
/en/wow/	junk
/en/wow/c/firemaw/252	thread
/en/wow/c/frostmane/211	thread
/en/wow/c/sylvanas/222	thread
/en/wow/c/lore/58	thread
/en/wow/c/burning-legion/201	thread
/en/wow/c/twisting-nether/226	thread
/en/wow/c/zandalar-tribe/259	thread
/en/wow/c/bronze-dragonflight-nordrassil/199	thread
/en/wow/c/pyrewood-village/257	thread
/en/wow/c/magtheridon/215	thread
/en/wow/c/tarren-mill-dentarg/223	thread
/en/wow/c/draenor/207	thread
/en/wow/c/darksorrow-genjuros-neptulon/204	thread
/en/wow/c/nethergarde-keep/263	thread
/en/wow/c/ravencrest/219	thread
/en/wow/c/thunderhorn-wildhammer/225	thread
/en/wow/c/aggra-grim-batol/185	thread
/en/wow/c/alakir-skullcrusher-xavius/187	thread
/en/wow/c/wow-classic/249	thread
/en/wow/c/ragnaros/218	thread
/en/wow/c/razoregore/264	thread
/en/wow/c/in-development/21	thread
/en/wow/c/gehennas/253	thread
/en/wow/c/dragonmaw-haomarush-spinebreaker-stormreaver/209	thread
/en/wow/c/moonglade-steamwheedle-cartel-the-shatar/216	thread
	junk
/en/wow/c/shazzrah/258	thread
/en/wow/c/kilrogg-nagrand-runetotem/213	thread
/en/wow/c/gameplay/47	thread
/en/wow/categories	topic
/en/wow/c/dreadmist/271	thread
/en/wow/c/chamber-of-aspects/202	thread
/en/wow/c/aggramar-hellscream/186	thread
/en/wow/c/stonespire/267	thread
/en/wow/c/bloodfang/275	thread
/en/wow/c/aerie-peak-bronzebeard/184	thread
/en/wow/c/mograine/262	thread
/en/wow/c/doomhammer-turalyon/206	thread
/en/wow/c/ashbringer/272	thread
/en/wow/c/azuremyst-stormrage/194	thread
/en/wow/c/gandling/261	thread
/en/wow/c/bloodhoof-khadgar/198	thread
/en/wow/privacy	junk
/en/wow/c/ten-storms/274	thread
/en/wow/c/judgement/276	thread
/en/wow/c/blades-edge-eonar-veknilash/195	thread
/en/wow/c/off-topic/61	thread
/en/wow/c/portuguese-forums/242	thread
/en/wow/c/hydraxian-waterlords/255	thread
/en/wow/c/arathor-hellfire/189	thread
/en/wow/c/flamelash/260	thread
/en/wow/c/noggenfogger/266	thread
/en/wow/c/alonsus-anachronos-kul-tiras/188	thread
/en/wow/c/twilights-hammer-agamaggan-et-al/183	thread
/en/wow/guidelines	junk
/en/wow/tos	junk
/en/wow/c/silvermoon/220	thread
/en/wow/c/azjol-nerub-quelthalas/193	thread
/en/wow/c/guides/43	thread
/en/wow/c/dragonblight-ghostlands/208	thread
/en/wow/c/darkspear-saurfang-terokkar/205	thread
/en/wow/c/bloodfeather-burning-steppes-executus-kor%E2%80%99ga/197	thread
/en/wow/c/stormscale/221	thread
/en/wow/c/emerald-dream-terenas/210	thread
/en/wow/c/golemagg/254	thread
/en/wow/c/burning-blade-drak%E2%80%99thul/200	thread
/en/wow/c/darkmoon-faire-earthen-ring/203	thread
/en/wow/c/kazzak/212	thread
/en/wow/c/mirage-raceway/256	thread
/en/wow/c/lightbringer-mazrigos/214	thread
/en/wow/c/recruitment/54	thread
/en/wow/c/pvp/18	thread
/en/wow/c/dragonfang/278	thread
/en/wow/c/shattered-halls-sunstrider-et-al/182	thread
/en/wow/c/auchindoun-dunemaul-jaedenar/192	thread
/en/wow/c/aszune-shadowsong/191	thread
/en/wow/c/community/6	thread
/en/wow/c/argent-dawn/190	thread
/en/wow/c/bladefist-frostwhisper-zenedar/196	thread
/u/Tranquility_Base	junk
/u/Annet3176	junk
/latest?no_definitions=true&page=1	junk
/u/Spark	junk
/u/Terryathome	junk
/tag/hosting	junk
/u/Tennisgal	junk
/u/CarolynCamarda	junk
/tag/cleaning	junk
/u/georgygirlofairbnb	junk
/t/smart-lock-vs-keypad/55366	topic
/u/lawre	junk
/t/would-you-leave-distilled-water-for-guests/50578	topic
/u/Lynnie	junk
/u/KenH	junk
/u/RedSpeedRacerXX	junk
/	junk
/privacy	junk
/t/would-you-down-rate-a-guest-like-this/55345	topic
/c/request-for-research/10	topic
/t/airbnb-announcement-coming-11-16-22/55325	thread
/t/is-everybody-else-slow/55363	topic
/t/cancellation-refund-and-taxes/55358	topic
/u/house_plants	junk
/u/CAL214	junk
/categories	junk
/u/panda26	junk
/c/regulations-tax-issues/8	topic
/t/cleaner-referrals-in-north-atlanta/55355	topic
/u/Christine_Shirtcliff	junk
/u/KKC	junk
/u/JJD	junk
/u/JoshHost	junk
/u/Atlnative	junk
/t/can-there-be-two-airbnb-listings-with-the-same-address/55332	topic
	junk
	junk
/u/HostAirbnbVRBO	junk
/u/PitonView	junk
/u/Elyse	junk
/u/Cyndyrr327	junk
/u/gillian	junk
/t/sneaking-pets-in/55303	topic
/u/yecatsr	junk
/t/11-16-2022-winter-roll-out-feedback/55364	thread
/t/guest-using-towels-for-cleaning/55357	topic
/t/outside-security-cameras/55313	topic
/c/tools/5	topic
/u/Lynick4442	junk
/t/help-needed-please-two-questions/55335	topic
/u/aelilya	junk
/u/Ritz3	junk
/u/Helsi	junk
/u/Oakrentals	junk
/u/zillacop	junk
/u/KatH	junk
/u/Internationalhost	junk
/u/tom2	junk
/t/updated-april-2020-tried-and-recommended-products-for-airbnb-hosts/14087	topic
/t/guest-splaining/55314	topic
/u/Rolf	junk
/t/host-doubled-pricing-after-inquiry-grrr/55348	topic
/u/jdmlt	junk
/u/casailinglady	junk
/u/RiverRock	junk
/u/Sarah027	junk
/u/martinp	junk
/t/airbnb-new-pricing-initiatives-to-be-effective-12-15-22/55252	thread
/tos	junk
/u/pcannady	junk
/u/icenisf	junk
/u/shinylizard	junk
/u/RebeccaF	junk
/t/the-importance-of-mattress-covers/55253	topic
/u/Brian_R170	junk
/u/Seeker	junk
/u/PaysonRanch	junk
/t/dont-reply-to-spite-reviews-discuss/55263	topic
/t/hosting-while-living-overseas/55321	topic
/t/short-term-rental-insurance-in-virginia/55333	topic
/t/should-we-accept-a-2-weekend-holiday-reservation-that-seems-likely-to-cancel/55354	topic
/u/jaquo	junk
/u/Bosty64	junk
/u/Debthecat	junk
/t/any-hosts-have-success-with-furnished-finder-for-ltr/51767	topic
/t/heads-up-new-amenities-on-your-listing/50163	topic
/t/airbnb-review-removed/52538	topic
/u/NordlingHouse	junk
/t/lieing-rule-breaking-guest-leaves-three-star/55292	topic
/u/muddy	junk
/u/KimF	junk
/guidelines	junk
/t/what-amenities-would-you-like-to-see-available-to-check/55351	topic
/u/GeoffandAmy	junk
/t/thankful-2023-hosts-forum-thanks-for-making-me-a-fighter/55367	topic
/t/service-dog-arrived-without-notice-right-to-be-irked/55255	topic
/t/check-your-minimum-stays/52938	topic
/u/Justarock	junk
/c/introduction/6	topic
/categories/nintendo	topic
/categories/movies-the-games-room	topic
/discussion/2265634/god-of-war-coming-april-20th-2018#latest	topic
/soaps/	junk
/sitemap/	junk
/categories/football	topic
/categories/doctor-who	topic
/profile/mb%402day	junk
/tv/reality-tv/	junk
/movies/	junk
/categories/youview	topic
/#top	junk
/entry/register?Target=categories	topic
/categories/broadband-internet-sky-broadband	topic
/categories/the-x-factor	topic
/digitalspyuk	junk
/categories/archived-forums	topic
/user/digitalspy	junk
/categories/rupaul-s-drag-race	topic
/terms-and-conditions	junk
/categories/terrestrial	topic
/categories	junk
/categories/books	topic
/showbiz/	junk
/categories/pc-mac-hardware-and-software	topic
/categories/britains-got-talent	topic
/categories/tv-and-home-entertainment-technology	topic
/discussion/2405745/did-ds-general-discussion-help-you-through-the-pandemic#latest	topic
/profile/dippydancing	junk
/categories/food-and-drink	topic
/discussion/2349417/words-that-rhyme-with-a-place#latest	topic
/categories/broadcasting	topic
/categories/broadband-internet	topic
/discussion/2437961/1899-netflix#latest	topic
/categories/strictly-come-dancing-appreciation	topic
/categories/eurovision-song-contest	topic
/categories/advice	topic
/categories/music-appreciation	topic
/categories/bt-broadband	topic
/categories/the-masked-singer	topic
/discussion/2206848/community-guidelines	topic
/discussion/2437818/falling-for-christmas#latest	topic
/categories/music-the-games-room	topic
/discussion/2437751/milly-zero-leaves-eastenders#latest	topic
/categories/sports-forum-games	topic
/categories/general-discussion	topic
/	junk
/profile/Hitstastic	junk
/profile/Johnr	junk
/discussion/2405693/forum-changelog#latest	topic
/profile/TrueCard	junk
/categories/strictly-come-dancing	topic
/discussion/2421910/international-cricket-2022#latest	topic
/categories/big-brother	topic
/profile/Grols	junk
/profile/occy	junk
/discussion/2344101/a-z-food-and-drink#latest	topic
/categories/soaps-appreciation	topic
/categories/online-entertainment-services	topic
/discussion/2437936/huawei-watch-gt3-question-to-owners#latest	topic
/profile/Theophile	junk
/tv/ustv/	junk
/profile/Richardcoulter	junk
/discussion/2108272/bb-antartica-part-39#latest	topic
/discussion/2437994/children-in-need-bbc-1#latest	topic
/discussion/2437897/3-year-old-ipad-for-scrap-heap#latest	topic
/discussion/2286883/radio-2-general-chit-chat-thread#latest	topic
/categories/mobile-phones	topic
/categories/the-voice-uk	topic
/discussion/2420058/married-at-first-sight-uk-2022-e4#latest	topic
/discussion/2334548/impact-wrestling#latest	topic
/profile/paulthurrott	junk
/bestof/everything	junk
/categories/soaps	topic
/profile/suesuesue	junk
/categories/pets	topic
/profile/Mick%20Jones	junk
/categories/tablets-and-e-readers	topic
/discussion/2425126/best-broadband-providers-budget-prices#latest	topic
/categories/broadband-internet-virgin-media-broadband	topic
/discussion/2437930/vhs-and-dvd-question#latest	topic
/discussion/2437955/anyone-else-think-the-forum-has-gone-downhill#latest	topic
/categories/the-apprentice	topic
/categories/tv-shows-reality	topic
/categories/landline-phones-and-voip-services	topic
/categories/tv-shows-cult-sci-fi-fantasy	topic
/profile/walterwhite	junk
/discussion/2420146/rpdruk-series-4#latest	topic
/digitalspy	junk
/categories/big-brother-international	topic
/categories/gaming	topic
/digitalspy	junk
/profile/LM	junk
/discussions/participated	junk
/profile/Damnedunitedareback	junk
/categories/tv-shows-us	topic
/discussion/2437894/with-disneys-very-large-investment-in-doctor-who-may-we-see-the-finishing-up-of-the-animations#latest	topic
/profile/Chief_Wiggum	junk
/discussion/2320114/changes-to-the-freeview-channels-coming-up#latest	topic
/discussion/2248951/post-your-unpopular-opinions-on-scd#latest	thread
/discussion/2218347/a-z-pet-names-part-2#latest	topic
/discussion/2436043/will-discover-and-paramount-be-coming-to-virgin#latest	topic
/profile/SeasideLady	junk
/categories/past-reality-shows	topic
/profile/jonmorris	junk
/categories/streaming	topic
/profile/dee123	junk
/discussion/2437593/what-s-gone-wrong-for-dancing-on-ice#latest	topic
/profile/Dave-H	junk
/categories/freesat	topic
/cookie-policy	junk
/categories/im-a-celebrity-get-me-out-of-here	topic
/categories/movies	topic
/discussion/2437990/how-will-englands-matches-affect-your-weekly-routine#latest	topic
/entry/signin?Target=categories	topic
/discussion/1668037/what-are-you-reading-at-the-moment-part-4#latest	topic
/cdn-cgi/l/email-protection#7e18110c0b133e1a1719170a1f120d0e07501d11500b15	junk
/categories/strictly-come-dancing-games	topic
/categories/music	topic
/categories/forum-announcements	topic
/profile/MaxxieD	junk
/profile/AnotherBox	junk
/discussion/2437960/problem-downloading-pdf-files-with-firefox#latest	topic
/profile/Tanequil	junk
/categories/xbox	topic
/categories/olympic-games	topic
/profile/Ed%20R.Marley	junk
/	junk
/categories/married-at-first-sight	topic
/categories/cable-virgin-media-tv-and-phone	topic
/profile/fishlipsmcgee	junk
/categories/sky	topic
/	junk
/discussion/2437975/gemma-and-luca-split#latest	topic
/discussions	junk
/tech/	junk
/categories/freesat-recorders	topic
/profile/cathh70	junk
/discussion/2401899/who-are-you-listening-to-right-this-second-part-26#latest	topic
/categories/satellite	topic
/profile/William_Gravel	junk
/categories/soaps-the-games-room	topic
/categories/the-games-room	topic
/categories/love-island	topic
/profile/Station%20ID	junk
/categories/tv-shows-uk	topic
/profile/Ken_Hill	junk
/discussion/2430103/its-time-for-a-brand-new-panel#latest	topic
/discussion/2310641/football-commentators-thread-part-20#latest	thread
/categories/sport	topic
/profile/JurassicMark	junk
/categories/cable	topic
/categories/dancing-on-ice-all-stars	topic
/discussion/2429666/andor-star-wars-disney#latest	topic
/discussion/2436878/i-m-a-celebrity-betting-odds-2022-thread#latest	thread
/profile/Corwin	junk
/profile/lufcfan1998	junk
/	junk
/categories/playstation	topic
/profile/T.K.	junk
/categories/radio	topic
/categories/freeview	topic
/privacy-policy	junk
/profile/Support	junk
/discussion/2406924/masked-singer-around-the-world-thread#latest	thread
/tv/	junk
/categories/euro-2020	topic
/discussion/2435246/sky-stream-launches-18th-october-2022#latest	topic
/profile/A.D.P	junk
